method,family,open_s_median,open_s_spread,read_s_median,read_s_spread,patches_per_s_median,patches_per_s_spread,error
full,baseline,1.2712,0.4605,0.0602,0.0492,8312.4,4280.1,
tiff_ome_uncompressed,tiff,0.0031,0.0011,0.6655,0.1088,751.3,125.6,
tiff_ome_compressed,tiff,0.0026,0.0006,0.813,0.0945,615.0,66.9,
tiff_plain_tiled,tiff,0.0024,0.0006,0.5988,0.0237,835.1,33.4,
tiff_memmap,tiff,0.0014,0.0002,0.0994,0.032,5028.3,1323.0,
zarr_direct_compressed,zarr_ladder,0.0058,0.001,0.9758,0.0541,512.4,27.5,
zarr_direct_uncompressed,zarr_ladder,0.0068,0.0016,1.2702,0.1331,393.6,43.5,
dask_zarr_compressed,zarr_ladder,0.0186,0.0054,2.8398,0.0925,176.1,5.7,
dask_zarr_uncompressed,zarr_ladder,0.017,0.0052,2.5914,0.1586,192.9,11.8,
xr_dask_compressed,zarr_ladder,0.0171,0.0034,2.9374,0.2007,170.2,11.4,
xr_dask_uncompressed,zarr_ladder,0.0177,0.0049,2.7474,0.2952,182.0,18.4,
spatialdata_compressed,zarr_ladder,0.0228,0.008,2.8556,0.1058,175.1,6.4,
spatialdata_uncompressed,zarr_ladder,0.0225,0.0026,3.0618,0.1508,163.3,8.3,
tensorstore_direct,miao_ladder,0.0056,0.001,0.4865,0.0587,1027.8,114.9,
miao,miao_ladder,0.0138,0.0026,0.6048,0.0559,826.8,76.2,
